{
  "ə": 8.3985,
  "n": 7.07442,
  "l": 5.91736,
  "ɪ": 5.78635,
  "s": 5.77235,
  "t": 5.72234,
  "r": 5.40532,
  "k": 5.11331,
  "i:": 4.05624,
  "d": 3.81023,
  "m": 3.51221,
  "ɜ": 3.43221,
  "ɛ": 3.20019,
  "ɑ": 2.98518,
  "z": 2.59816,
  "æ": 2.57715,
  "b": 2.54915,
  "p": 2.35014,
  "əʊ": 2.29814,
  "g": 1.6381,
  "f": 1.6371,
  "eɪ": 1.57709,
  "ɔ": 1.35308,
  "aɪ": 1.32108,
  "v": 1.25408,
  "ŋ": 1.19007,
  "u": 1.15107,
  "h": 1.07406,
  "ʃ": 1.03706,
  "w": 1.01806,
  "dʒ": 0.72104,
  "j": 0.58103,
  "tʃ": 0.57903,
  "aʊ": 0.40602,
  "θ": 0.34602,
  "ʊ": 0.27502,
  "ɔɪ": 0.15201,
  "ð": 0.066,
  "ʒ": 0.064
}
